af_category,count,fraction
ultra_rare,409,0.9253393665158371
rare,32,0.07239819004524888
common,1,0.0022624434389140274
