variant_type,clinvar_plp_variant_count,frequency_observed_count,no_frequency_evidence_count,frequency_observed_fraction,no_frequency_evidence_fraction,absence_enrichment_vs_snv,odds_ratio_vs_snv,fisher_p_vs_snv
indel,33,0,33,0.0,1.0,1.4466403162055337,inf,8.421926107458522e-06
insertion,10,1,9,0.1,0.9,1.3019762845849803,4.019762845849803,0.29902993106362785
duplication,155,31,124,0.2,0.8,1.1573122529644269,1.7865612648221343,0.004781096019463673
Microsatellite,32,7,25,0.21875,0.78125,1.1301877470355732,1.5951439864483343,0.33385816501094445
deletion,341,77,264,0.22580645161290322,0.7741935483870968,1.1199795996429938,1.531338226990401,0.0032406909126126053
SNV,1098,339,759,0.3087431693989071,0.6912568306010929,1.0,,
