variant_type,clinvar_plp_variant_count,frequency_observed_count,no_frequency_evidence_count,frequency_observed_fraction,no_frequency_evidence_fraction,absence_enrichment_vs_snv,odds_ratio_vs_snv,fisher_p_vs_snv
MNV_or_substitution,8,0,8,0.0,1.0,1.325136612021858,inf,0.21038258464062143
duplication,194,21,173,0.10824742268041238,0.8917525773195877,1.1816939890710383,2.6785063752276868,1.1629260525528613e-05
insertion,30,4,26,0.13333333333333333,0.8666666666666667,1.1484517304189437,2.1133879781420766,0.19641647858626882
deletion,529,71,458,0.1342155009451796,0.8657844990548205,1.1472827378185462,2.0973601169860694,2.3626490154268518e-07
SNV,970,238,732,0.24536082474226803,0.7546391752577319,1.0,,
