component,mean_points,median_points,max_points_observed,variants_with_nonzero_component
AF pressure,23.40683370755262,32.613063987545004,45.0,13
AC reliability,13.376363086134447,20.0,20.0,13
Technical detectability,5.684705882352941,7.68,7.68,13
Popmax enrichment,3.6952708358432864,2.80486067836949,8.963560941432082,13
Gene constraint,1.911764705882353,2.5,2.5,13
Variant type tension,0.35294117647058826,0.0,6.0,1
Review fragility,0.0,0.0,0.0,0
