population,population_label,n_variants_with_an,n_variants_ac_positive,fraction_ac_positive,median_af_nonzero,max_af,n_af_gt_1e_5,n_af_gt_1e_4
afr,AFR,328,10,0.029940119760479042,3.0006965008615724e-05,0.0056763862332695,10,2
amr,AMR,328,24,0.0718562874251497,2.377134831520742e-05,0.0002182135583357,24,4
asj,ASJ,328,11,0.03293413173652695,3.832592365476008e-05,0.0001315270288044,11,1
eas,EAS,328,15,0.04491017964071856,2.521050773962588e-05,5.1153511688577424e-05,15,0
fin,FIN,328,13,0.038922155688622756,2.844141069397042e-05,7.599939200486396e-05,13,0
mid,MID,328,2,0.005988023952095809,0.0001939034812051,0.0002143163309044,2,2
nfe,NFE,328,163,0.4880239520958084,1.1032048099729716e-06,8.552347090760583e-05,12,0
sas,SAS,328,36,0.10778443113772455,1.6058373885781413e-05,0.0001970877388239,36,2
remaining,Remaining,328,31,0.09281437125748503,1.657000828500414e-05,0.0002320570197248,31,2
