component,mean_points,median_points,max_points_observed,variants_with_nonzero_component
AF pressure,11.024573040240355,9.027706271486363,33.88569846608175,10
AC reliability,5.796603075161833,4.55340497393906,20.0,10
Technical detectability,3.6248856624319417,6.208,6.962758620689655,10
Popmax enrichment,2.95497241052794,0.47627348774393363,8.200422270666829,10
Review fragility,2.8947368421052633,3.0,8.0,10
Gene constraint,1.575814536340852,1.25,6.428571428571429,10
Variant type tension,0.42105263157894735,0.0,3.0,3
