gene,variant_count,exact_match_count,non_overlap_count,non_overlap_fraction,allele_discordance_count,no_gnomad_record_count,indel_fraction,duplication_fraction,median_indel_size,median_local_gc_100bp,exact_median_local_gc_100bp,non_overlap_median_local_gc_100bp,kcnh2_vs_scn5a_non_overlap_or,kcnh2_vs_scn5a_non_overlap_fisher_p
KCNH2,478,72,406,0.8493723849372385,250,156,0.6757322175732218,0.21338912133891214,1.0,0.6666666666666666,0.7064676616915423,0.664179104477612,1.0732628398791542,0.7079272967597482
SCN5A,394,63,331,0.8401015228426396,155,176,0.45685279187817257,0.09644670050761421,0.0,0.5746268656716418,0.5671641791044776,0.5771144278606966,1.0732628398791542,0.7079272967597482
