dataset,count,mean,std,min,25%,50%,75%,max,af_gt_1e_5_count,af_gt_1e_4_count,af_gt_1e_5_fraction,af_gt_1e_4_fraction
clinvar_matched_variants,442.0,3.6937976855203616e-06,1.0944882915187104e-05,0.0,0.0,6.901245e-07,2.0972575e-06,0.000154602,33,1,0.0746606334841629,0.0022624434389140274
gnomad_population_subset,2155.0,0.0006947680767693735,0.018788218089807525,0.0,0.0,6.91894e-07,2.736195e-06,0.630082,271,55,0.12575406032482597,0.025522041763341066
