gene,exact_match_count,non_overlap_count,allele_discordance_count,no_gnomad_record_count,non_overlap_fraction_within_gene,odds_ratio_non_overlap_enrichment,fisher_p_greater,bh_q
APC,26,474,227,247,0.948,2.198617113223855,7.349584730633261e-05,0.00029398338922533045
MLH1,34,465,231,234,0.9318637274549099,1.5569196428571428,0.013016237116408135,0.02603247423281627
BRCA2,62,437,221,216,0.875751503006012,0.6421635474466284,0.9967888122244488,0.9994128966025252
BRCA1,65,433,215,218,0.8694779116465864,0.5906305903398926,0.9994128966025252,0.9994128966025252
