variant_type,clinvar_plp_variant_count,exact_match_count,allele_discordance_count,no_gnomad_record_count,non_overlap_count,exact_match_fraction,non_overlap_fraction,technical_detectability_prior,technical_detectability_index
deletion,984,58,474,452,926,0.05894308943089431,0.9410569105691057,0.72,0.5877886178861789
SNV,562,102,180,279,459,0.18149466192170818,0.8167259786476868,0.95,0.7962989323843417
duplication,338,25,178,135,313,0.07396449704142012,0.9260355029585798,0.45,0.3747928994082841
insertion,106,2,56,45,101,0.018867924528301886,0.9528301886792453,0.7,0.5637735849056603
MNV_or_substitution,10,0,6,4,10,0.0,1.0,0.8,0.6400000000000001
