variant_type,clinvar_plp_variant_count,frequency_observed_count,no_frequency_evidence_count,frequency_observed_fraction,no_frequency_evidence_fraction,absence_enrichment_vs_snv,odds_ratio_vs_snv,fisher_p_vs_snv
MNV_or_substitution,10,0,10,0.0,1.0,1.2008547008547008,inf,0.38051402236038395
insertion,106,2,104,0.018867924528301886,0.9811320754716981,1.178197064989518,10.444444444444445,6.645572631421154e-06
deletion,984,54,930,0.054878048780487805,0.9451219512195121,1.1349541380029184,3.459164292497626,2.4286274168938893e-12
duplication,338,23,315,0.06804733727810651,0.9319526627218935,1.1191397360036413,2.750836120401338,1.3920132387001664e-05
SNV,562,94,468,0.16725978647686832,0.8327402135231317,1.0,,
