feature,exact_positive,exact_total,exact_fraction,non_overlap_positive,non_overlap_total,non_overlap_fraction,odds_ratio_non_overlap_vs_exact,fisher_p_two_sided,bh_q
is_snv,102,187,0.5454545454545454,459,1809,0.2537313432835821,0.2833333333333333,1.1875144858018756e-15,9.500115886415004e-15
is_indel,85,187,0.45454545454545453,1340,1809,0.7407407407407407,3.4285714285714284,6.514520832499128e-15,2.605808332999651e-14
is_cpg_transition_proxy,38,187,0.20320855614973263,87,1809,0.04809286898839138,0.19810196222262974,3.863282834471474e-12,1.0302087558590598e-11
is_hotspot_position,27,187,0.1443850267379679,213,1809,0.11774461028192372,0.7908660540239487,0.28796433515391273,0.3291020973187574
is_local_hotspot_5bp,59,187,0.3155080213903743,544,1809,0.30071862907683805,0.9329671065853822,0.676308501931669,0.676308501931669
feature_LOF,158,187,0.8449197860962567,1619,1809,0.8949695964621338,1.5639906728847435,0.048173488155218575,0.07707758104834972
feature_missense,16,187,0.0855614973262032,85,1809,0.046987285793255944,0.5269359048723898,0.03318811965313681,0.06637623930627362
feature_splice_or_intronic,12,187,0.06417112299465241,81,1809,0.04477611940298507,0.68359375,0.2706152869800828,0.3291020973187574
