is_high_confidence,af_bin,count,proportion
False,AF == 0 or missing,78,0.46987951807228917
False,0 < AF < 1e-5,86,0.5180722891566265
False,1e-5 <= AF < 1e-4,2,0.012048192771084338
False,1e-4 <= AF < 1e-3,0,0.0
False,AF >= 1e-3,0,0.0
True,AF == 0 or missing,36,0.13043478260869565
True,0 < AF < 1e-5,209,0.7572463768115942
True,1e-5 <= AF < 1e-4,30,0.10869565217391304
True,1e-4 <= AF < 1e-3,1,0.0036231884057971015
True,AF >= 1e-3,0,0.0
