af_bin,count,proportion
AF == 0 or missing,114,0.2579185520361991
0 < AF < 1e-5,295,0.667420814479638
1e-5 <= AF < 1e-4,32,0.07239819004524888
1e-4 <= AF < 1e-3,1,0.0022624434389140274
AF >= 1e-3,0,0.0
