component,mean_points,median_points,max_points_observed,variants_with_nonzero_component
AF pressure,8.514671628993813,2.222830009356733,45.0,84
AC reliability,5.646519648577165,4.55340497393906,20.0,84
Technical detectability,3.463928431049479,3.508571428571429,7.023820224719101,84
Popmax enrichment,2.9835035498418776,0.5934173866960712,10.0,84
Review fragility,2.933774834437086,3.0,10.0,81
Gene constraint,2.3075523342833124,1.8421052631578947,6.25,84
Variant type tension,1.1059602649006623,0.0,6.0,46
