variant_type,clinvar_plp_variant_count,frequency_observed_count,no_frequency_evidence_count,frequency_observed_fraction,no_frequency_evidence_fraction,absence_enrichment_vs_snv,odds_ratio_vs_snv,fisher_p_vs_snv
indel,10,0,10,0.0,1.0,1.4385964912280702,inf,0.06453934863731223
duplication,36,6,30,0.16666666666666666,0.8333333333333334,1.1988304093567252,2.192982456140351,0.10494344757345993
insertion,6,1,5,0.16666666666666666,0.8333333333333334,1.1988304093567252,2.192982456140351,0.6698199354934078
Microsatellite,11,2,9,0.18181818181818182,0.8181818181818182,1.1770334928229667,1.9736842105263157,0.510022359468344
deletion,73,16,57,0.2191780821917808,0.7808219178082192,1.1232876712328768,1.5625,0.20992608797680995
SNV,164,50,114,0.3048780487804878,0.6951219512195121,1.0,,
