component,mean_points,median_points,max_points_observed,variants_with_nonzero_component
AF pressure,8.474778838892432,4.927640210697314,45.0,86
AC reliability,6.303607268624756,4.55340497393906,20.0,86
Technical detectability,3.4642467149961718,4.872748201438848,6.690909090909091,86
Review fragility,3.4630872483221475,3.0,10.0,80
Popmax enrichment,2.7270446520727853,0.8519531409245995,10.0,86
Gene constraint,1.4793064876957494,2.5,6.25,86
Variant type tension,1.1409395973154361,0.0,6.0,44
