review_strength,variant_count,frequency_flag_count,ac_supported_frequency_count,vital_red_count,median_vital_score,max_vital_score,variant_fraction,ac_supported_fraction_within_review_strength,vital_red_fraction_within_review_strength,share_of_ac_supported_frequency_variants,share_of_vital_red_variants
single_submitter,288,37,7,1,30.980004914100917,88.57601146792932,0.576,0.024305555555555556,0.003472222222222222,0.2692307692307692,0.5
weak_or_no_assertion,90,13,2,1,33.39198360973199,90.08747429302089,0.18,0.022222222222222223,0.011111111111111112,0.07692307692307693,0.5
multiple_submitters_no_conflicts,91,30,14,0,31.212673550080957,77.68729228283165,0.182,0.15384615384615385,0.0,0.5384615384615384,0.0
expert_panel,31,6,3,0,6.0,83.12821094565982,0.062,0.0967741935483871,0.0,0.11538461538461539,0.0
