scope,variant_count,pass_rate_mean,nonpass_rate_mean,nonpass_rate_min,nonpass_rate_max,evaluation_limited_rate_mean,popmax_review_rate_mean,model_conflict_rate_mean,recessive_route_rate_mean
all_meta_datasets,3231,0.12330829963412286,0.876691700365877,0.8266666666666667,0.95,0.7400635470826112,0.05408049297130752,9.628345850182938e-05,0.0814365492008473
external_disease_panels_only,1500,0.12266666666666666,0.8773333333333333,0.8266666666666667,0.95,0.7266666666666667,0.055999999999999994,0.0,0.09333333333333334
