component,mean_points,median_points,max_points_observed,variants_with_nonzero_component
AF pressure,3.0267842725831633,0.0,15.637337353266336,7
Popmax enrichment,2.142961715743295,0.0,8.738726946000307,7
Technical detectability,1.9020816864295127,0.0,6.24969696969697,7
AC reliability,1.6174337886207177,0.0,7.216976134290603,7
Review fragility,1.565217391304348,0.0,8.0,7
Gene constraint,1.5,0.0,7.0,7
Variant type tension,0.2608695652173913,0.0,3.0,2
