variant_type,clinvar_plp_variant_count,frequency_observed_count,no_frequency_evidence_count,frequency_observed_fraction,no_frequency_evidence_fraction,absence_enrichment_vs_snv,odds_ratio_vs_snv,fisher_p_vs_snv
indel,8,0,8,0.0,1.0,2.4383561643835616,inf,0.001054544512558488
insertion,6,1,5,0.16666666666666666,0.8333333333333334,2.031963470319635,7.191780821917808,0.08462377013577974
Microsatellite,12,4,8,0.3333333333333333,0.6666666666666666,1.6255707762557077,2.8767123287671232,0.12911983967203092
duplication,28,11,17,0.39285714285714285,0.6071428571428571,1.4804305283757337,2.2229140722291407,0.06489882904727574
deletion,68,30,38,0.4411764705882353,0.5588235294117647,1.3626107977437552,1.821917808219178,0.044784649194249085
SNV,178,105,73,0.5898876404494382,0.4101123595505618,1.0,,
