model,calibration_scope,target,n,event_count,roc_auc_oof,average_precision_oof,brier_score_oof,spearman_vs_expert_vital_score,roc_auc_ci_low,roc_auc_ci_high,average_precision_ci_low,average_precision_ci_high,brier_score_ci_low,brier_score_ci_high,model_note
review_only,frequency_positive_records,expanded,379,156,0.7059330803725422,0.554678472682499,0.20074718141368453,0.04704915548185302,0.6516063670603549,0.7606095691688398,0.4817559272479356,0.6450967773980935,0.18163906328234108,0.2203854797128739,5-fold out-of-fold non-negative logistic regression restricted to frequency-positive variants
tension_only,frequency_positive_records,expanded,379,156,0.5165574335977924,0.41902581636975883,0.2413012823784919,0.08813359890534232,0.4562940262732349,0.5731640490789002,0.3536124745369505,0.49645022467309874,0.2316945948746723,0.2508974085150721,5-fold out-of-fold non-negative logistic regression restricted to frequency-positive variants
review_plus_tension,frequency_positive_records,expanded,379,156,0.7436472346786248,0.6215292237951322,0.19860880716007923,0.17776301630768437,0.693372616550374,0.7950273069364063,0.5372487595501675,0.7118466235970535,0.17774878233767163,0.2192332185072778,5-fold out-of-fold non-negative logistic regression restricted to frequency-positive variants
