variant_type,clinvar_plp_variant_count,frequency_observed_count,no_frequency_evidence_count,frequency_observed_fraction,no_frequency_evidence_fraction,absence_enrichment_vs_snv,odds_ratio_vs_snv,fisher_p_vs_snv
indel,3,0,3,0.0,1.0,2.0297029702970297,inf,0.24637681159420285
insertion,2,0,2,0.0,1.0,2.0297029702970297,inf,0.24637681159420285
duplication,27,6,21,0.2222222222222222,0.7777777777777778,1.5786578657865786,3.603960396039604,0.006914269567806143
deletion,59,19,40,0.3220338983050847,0.6779661016949152,1.3760698103708675,2.167795726941115,0.012316306792590577
SNV,205,104,101,0.5073170731707317,0.4926829268292683,1.0,,
Microsatellite,4,3,1,0.75,0.25,0.5074257425742574,0.3432343234323432,0.6218054623166707
