component,mean_points,median_points,max_points_observed,variants_with_nonzero_component
AF pressure,8.670967765597274,4.927802011324101,45.0,80
AC reliability,6.5835719515926225,4.55340497393906,20.0,80
Technical detectability,3.9593661849304675,6.007480777180653,6.891707317073171,80
Popmax enrichment,2.974122981808397,1.894836931009633,10.0,80
Gene constraint,2.255778225605812,2.586206896551724,5.416666666666666,80
Review fragility,2.0757575757575757,0.0,10.0,55
Variant type tension,0.75,0.0,6.0,28
