component,mean_points,median_points,max_points_observed,variants_with_nonzero_component
AF pressure,7.347610496752837,1.4447412669586976,45.0,379
AC reliability,5.073058584197176,4.55340497393906,20.0,376
Technical detectability,3.1249443260495147,3.064172661870504,6.61398773006135,379
Review fragility,2.9275956284153004,0.0,10.0,352
Popmax enrichment,2.592214398721882,0.527115358895365,10.0,376
Gene constraint,1.8928651485305292,1.25,8.5,379
Variant type tension,0.8756830601092896,0.0,6.0,188
