variant_type,clinvar_plp_variant_count,frequency_observed_count,no_frequency_evidence_count,frequency_observed_fraction,no_frequency_evidence_fraction,absence_enrichment_vs_snv,odds_ratio_vs_snv,fisher_p_vs_snv
indel,6,0,6,0.0,1.0,1.6176470588235294,inf,0.08715808872401029
deletion,139,23,116,0.16546762589928057,0.8345323741007195,1.3499788404570463,3.1150895140664963,5.55381802044897e-06
duplication,55,14,41,0.2545454545454545,0.7454545454545455,1.2058823529411766,1.8088235294117647,0.09030024911956393
insertion,11,3,8,0.2727272727272727,0.7272727272727273,1.1764705882352942,1.6470588235294117,0.543154355122949
Microsatellite,14,4,10,0.2857142857142857,0.7142857142857143,1.1554621848739497,1.5441176470588236,0.5791834814179085
SNV,275,105,170,0.38181818181818183,0.6181818181818182,1.0,,
