variant_type,clinvar_plp_variant_count,frequency_observed_count,no_frequency_evidence_count,frequency_observed_fraction,no_frequency_evidence_fraction,absence_enrichment_vs_snv,odds_ratio_vs_snv,fisher_p_vs_snv
indel,8,0,8,0.0,1.0,1.3421052631578947,inf,0.20049829567475858
duplication,35,3,32,0.08571428571428572,0.9142857142857143,1.2270676691729323,3.6491228070175437,0.0408743442415659
deletion,86,17,69,0.19767441860465115,0.8023255813953488,1.0768053855569155,1.388544891640867,0.34368869920070566
insertion,8,2,6,0.25,0.75,1.006578947368421,1.0263157894736843,1.0
SNV,153,39,114,0.2549019607843137,0.7450980392156863,1.0,,
Microsatellite,10,3,7,0.3,0.7,0.9394736842105262,0.7982456140350878,0.7186101487211949
