component,mean_points,median_points,max_points_observed,variants_with_nonzero_component
AF pressure,8.781071061124296,6.328307161894433,41.44560380430647,76
AC reliability,6.262684881438598,4.55340497393906,20.0,76
Technical detectability,3.965262678062678,5.059282051282051,6.888888888888889,76
Popmax enrichment,3.4495237425350878,3.3507566321170863,8.738421129071693,76
Review fragility,3.25,3.0,10.0,73
Gene constraint,2.235132595001016,3.2142857142857144,6.052631578947368,76
Variant type tension,0.9,0.0,6.0,29
