method,true_positives,false_positives,false_negatives,true_negatives,precision,recall,specificity,false_positive_rate,false_negative_rate,benchmark_positive_definition,benchmark_negative_definition,confidence_interval_method,precision_ci_low,precision_ci_high,recall_ci_low,recall_ci_high,specificity_ci_low,specificity_ci_high,false_positive_rate_ci_low,false_positive_rate_ci_high,false_negative_rate_ci_low,false_negative_rate_ci_high
global_AF_gt_1e-5,1,7,0,32,0.125,1.0,0.8205128205128205,0.1794871794871795,0.0,weak_review_and_AC_supported_frequency_signal,review_score_ge_2_current_PLP_proxy,Wilson 95%,0.02241690886329617,0.4708948057698615,0.20654329147389294,1.0,0.6733164837555724,0.9102284818853,0.08977151811469994,0.3266835162444276,0.0,0.7934567085261071
global_AF_gt_1e-4,0,0,1,39,,0.0,1.0,0.0,1.0,weak_review_and_AC_supported_frequency_signal,review_score_ge_2_current_PLP_proxy,Wilson 95%,,,0.0,0.7934567085261071,0.9103301463997611,1.0,0.0,0.08966985360023902,0.20654329147389294,1.0
popmax_or_global_AF_gt_1e-5,1,26,0,13,0.037037037037037035,1.0,0.3333333333333333,0.6666666666666666,0.0,weak_review_and_AC_supported_frequency_signal,review_score_ge_2_current_PLP_proxy,Wilson 95%,0.006567976533097597,0.1828385393415652,0.20654329147389294,1.0,0.20632766106915157,0.4902289567975947,0.5097710432024052,0.7936723389308484,0.0,0.7934567085261071
popmax_or_global_AF_gt_1e-4,0,4,1,35,0.0,0.0,0.8974358974358975,0.10256410256410256,1.0,weak_review_and_AC_supported_frequency_signal,review_score_ge_2_current_PLP_proxy,Wilson 95%,0.0,0.48990002040399916,0.0,0.7934567085261071,0.7642084129775517,0.9593873444171301,0.04061265558286986,0.2357915870224483,0.20654329147389294,1.0
AF_gt_1e-5_and_AC_ge_20,1,4,0,35,0.2,1.0,0.8974358974358975,0.10256410256410256,0.0,weak_review_and_AC_supported_frequency_signal,review_score_ge_2_current_PLP_proxy,Wilson 95%,0.03622316096978745,0.6244717358814613,0.20654329147389294,1.0,0.7642084129775517,0.9593873444171301,0.04061265558286986,0.2357915870224483,0.0,0.7934567085261071
VITAL_red,0,0,1,39,,0.0,1.0,0.0,1.0,weak_review_and_AC_supported_frequency_signal,review_score_ge_2_current_PLP_proxy,Wilson 95%,,,0.0,0.7934567085261071,0.9103301463997611,1.0,0.0,0.08966985360023902,0.20654329147389294,1.0
