review_strength,variant_count,frequency_flag_count,ac_supported_frequency_count,vital_red_count,median_vital_score,max_vital_score,variant_fraction,ac_supported_fraction_within_review_strength,vital_red_fraction_within_review_strength,share_of_ac_supported_frequency_variants,share_of_vital_red_variants
single_submitter,1759,101,15,2,3.0,91.1247585281669,0.5863333333333334,0.008527572484366117,0.0011370096645821489,0.2112676056338028,0.6666666666666666
weak_or_no_assertion,171,8,1,1,0.0,88.3191747660951,0.057,0.005847953216374269,0.005847953216374269,0.014084507042253521,0.3333333333333333
multiple_submitters_no_conflicts,866,184,42,0,26.104566134622765,87.53534533871245,0.2886666666666667,0.04849884526558892,0.0,0.5915492957746479,0.0
expert_panel,204,39,13,0,25.050647140752382,80.95535168684621,0.068,0.06372549019607843,0.0,0.18309859154929578,0.0
