variant_type,clinvar_plp_variant_count,frequency_observed_count,no_frequency_evidence_count,frequency_observed_fraction,no_frequency_evidence_fraction,absence_enrichment_vs_snv,odds_ratio_vs_snv,fisher_p_vs_snv
indel,5,0,5,0.0,1.0,2.0224719101123596,inf,0.05929379129664233
insertion,1,0,1,0.0,1.0,2.0224719101123596,inf,0.49723756906077343
duplication,36,7,29,0.19444444444444445,0.8055555555555556,1.6292134831460674,4.235955056179775,0.0007840444232797824
deletion,78,22,56,0.28205128205128205,0.717948717948718,1.4520311149524632,2.602655771195097,0.0010060005463398164
SNV,180,91,89,0.5055555555555555,0.49444444444444446,1.0,,
