threshold,tp,fp,fn,tn,tpr_recall,fpr,precision,specificity,curve_model
inf,0,0,0,7,,0.0,,1.0,VITAL_score
42.37865810358505,0,1,0,6,,0.14285714285714285,0.0,0.8571428571428571,VITAL_score
40.71244834192047,0,2,0,5,,0.2857142857142857,0.0,0.7142857142857143,VITAL_score
39.69711088596982,0,3,0,4,,0.42857142857142855,0.0,0.5714285714285714,VITAL_score
34.17239257953664,0,4,0,3,,0.5714285714285714,0.0,0.42857142857142855,VITAL_score
0.0,0,7,0,0,,1.0,0.0,0.0,VITAL_score
-inf,0,7,0,0,,1.0,0.0,0.0,VITAL_score
