variant_type,clinvar_plp_variant_count,frequency_observed_count,no_frequency_evidence_count,frequency_observed_fraction,no_frequency_evidence_fraction,absence_enrichment_vs_snv,odds_ratio_vs_snv,fisher_p_vs_snv
Microsatellite,6,0,6,0.0,1.0,1.3933333333333333,inf,0.19153839858414395
indel,1,0,1,0.0,1.0,1.3933333333333333,inf,1.0
deletion,56,8,48,0.14285714285714285,0.8571428571428571,1.1942857142857142,2.36,0.037532243520519065
duplication,24,6,18,0.25,0.75,1.0450000000000002,1.18,0.8150449989905281
insertion,4,1,3,0.25,0.75,1.0450000000000002,1.18,1.0
SNV,209,59,150,0.2822966507177033,0.7177033492822966,1.0,,
