component,mean_points,median_points,max_points_observed,variants_with_nonzero_component
AF pressure,7.901713624142563,3.557311159056708,45.0,94
AC reliability,5.820525075658785,4.55340497393906,20.0,93
Technical detectability,3.442239978291053,4.592941176470588,6.740139860139861,94
Review fragility,3.0119760479041915,3.0,10.0,89
Popmax enrichment,2.699034104709468,0.5931229424436752,10.0,93
Gene constraint,1.4920159680638723,2.5,8.333333333333334,94
Variant type tension,1.0658682634730539,0.0,6.0,49
