variant_type,clinvar_plp_variant_count,exact_match_count,allele_discordance_count,no_gnomad_record_count,non_overlap_count,exact_match_fraction,non_overlap_fraction,technical_detectability_prior,technical_detectability_index
SNV,178,105,0,72,72,0.5898876404494382,0.4044943820224719,0.95,0.8779775280898876
deletion,68,30,0,38,38,0.4411764705882353,0.5588235294117647,0.72,0.664235294117647
duplication,28,11,0,15,15,0.39285714285714285,0.5357142857142857,0.45,0.4385714285714286
Microsatellite,12,4,0,8,8,0.3333333333333333,0.6666666666666666,0.6,0.5466666666666666
indel,8,0,0,8,8,0.0,1.0,0.6,0.48
insertion,6,1,0,5,5,0.16666666666666666,0.8333333333333334,0.7,0.5933333333333333
