variant_type,clinvar_plp_variant_count,frequency_observed_count,no_frequency_evidence_count,frequency_observed_fraction,no_frequency_evidence_fraction,absence_enrichment_vs_snv,odds_ratio_vs_snv,fisher_p_vs_snv
indel,81,0,81,0.0,1.0,1.5009208103130753,inf,2.2875927851621127e-14
Inversion,2,0,2,0.0,1.0,1.5009208103130753,inf,0.5552830574289801
copy number loss,1,0,1,0.0,1.0,1.5009208103130753,inf,1.0
insertion,80,6,74,0.075,0.925,1.3883517495395947,6.178023327194598,1.1900689788382366e-07
duplication,278,32,246,0.11510791366906475,0.8848920863309353,1.3281529472554554,3.850828729281768,4.6295930939532366e-15
deletion,837,131,706,0.15651135005973715,0.8434886499402628,1.2660096679582213,2.699619023519323,6.974731286282389e-22
Microsatellite,91,19,72,0.2087912087912088,0.7912087912087912,1.1875417400279278,1.8982262285548124,0.015418775485023482
SNV,1630,544,1086,0.3337423312883436,0.6662576687116565,1.0,,
