review_strength,variant_count,frequency_flag_count,ac_supported_frequency_count,vital_red_count,median_vital_score,max_vital_score,variant_fraction,ac_supported_fraction_within_review_strength,vital_red_fraction_within_review_strength,share_of_ac_supported_frequency_variants,share_of_vital_red_variants
single_submitter,1698,153,18,7,29.255866745994588,90.22538543937368,0.566,0.01060070671378092,0.004122497055359246,0.20689655172413793,0.5384615384615384
weak_or_no_assertion,390,46,11,6,31.33843726012048,87.34567115538377,0.13,0.028205128205128206,0.015384615384615385,0.12643678160919541,0.46153846153846156
multiple_submitters_no_conflicts,643,153,50,0,25.399307039145526,86.72676170442226,0.21433333333333332,0.07776049766718507,0.0,0.5747126436781609,0.0
expert_panel,268,26,7,0,3.0,75.16210731168302,0.08933333333333333,0.026119402985074626,0.0,0.08045977011494253,0.0
practice_guideline,1,1,1,0,61.61194108274454,61.61194108274454,0.0003333333333333333,1.0,0.0,0.011494252873563218,0.0
