variant_type,clinvar_plp_variant_count,exact_match_count,allele_discordance_count,no_gnomad_record_count,non_overlap_count,exact_match_fraction,non_overlap_fraction,technical_detectability_prior,technical_detectability_index
SNV,1483,472,0,973,973,0.31827376938637897,0.6561024949426838,0.95,0.8236547538772758
deletion,894,124,0,750,750,0.13870246085011187,0.8389261744966443,0.72,0.6037404921700223
duplication,380,48,0,321,321,0.12631578947368421,0.8447368421052631,0.45,0.38526315789473686
Microsatellite,97,21,0,75,75,0.21649484536082475,0.7731958762886598,0.6,0.5232989690721649
indel,77,0,0,76,76,0.0,0.987012987012987,0.6,0.48
insertion,68,3,0,59,59,0.04411764705882353,0.8676470588235294,0.7,0.5688235294117646
Inversion,1,0,0,1,1,0.0,1.0,0.6,0.48
