variant_type,clinvar_plp_variant_count,frequency_observed_count,no_frequency_evidence_count,frequency_observed_fraction,no_frequency_evidence_fraction,absence_enrichment_vs_snv,odds_ratio_vs_snv,fisher_p_vs_snv
indel,7,0,7,0.0,1.0,1.7023809523809523,inf,0.04420133849526928
insertion,11,2,9,0.18181818181818182,0.8181818181818182,1.392857142857143,3.1607142857142856,0.20931081165835988
deletion,128,26,102,0.203125,0.796875,1.3565848214285714,2.7554945054945055,3.2276750324971636e-05
duplication,51,13,38,0.2549019607843137,0.7450980392156863,1.2684407096171804,2.053113553113553,0.042021053548990196
SNV,286,118,168,0.4125874125874126,0.5874125874125874,1.0,,
Microsatellite,17,8,9,0.47058823529411764,0.5294117647058824,0.9012605042016807,0.7901785714285714,0.6245150405732485
