method	true_positives	false_positives	false_negatives	true_negatives	precision	recall	specificity	false_positive_rate	false_negative_rate	benchmark_positive_definition	benchmark_negative_definition	confidence_interval_method	precision_ci_low	precision_ci_high	recall_ci_low	recall_ci_high	specificity_ci_low	specificity_ci_high	false_positive_rate_ci_low	false_positive_rate_ci_high	false_negative_rate_ci_low	false_negative_rate_ci_high
global_AF_gt_1e-5	3	8	0	101	0.2727272727272727	1.0	0.926605504587156	0.073394495412844	0.0	weak_review_and_AC_supported_frequency_signal	review_score_ge_2_current_PLP_proxy	Wilson 95%	0.0974588057392146	0.5656502930102463	0.4384939195509822	1.0	0.8618207698396362	0.9623433682087432	0.0376566317912568	0.1381792301603638	0.0	0.5615060804490177
global_AF_gt_1e-4	1	0	2	109	1.0	0.3333333333333333	1.0	0.0	0.6666666666666666	weak_review_and_AC_supported_frequency_signal	review_score_ge_2_current_PLP_proxy	Wilson 95%	0.2065432914738929	1.0	0.0614903152761605	0.7923450448735121	0.9659558177126164	1.0	0.0	0.0340441822873833	0.2076549551264879	0.9385096847238394
popmax_or_global_AF_gt_1e-5	3	53	0	56	0.0535714285714285	1.0	0.5137614678899083	0.4862385321100917	0.0	weak_review_and_AC_supported_frequency_signal	review_score_ge_2_current_PLP_proxy	Wilson 95%	0.0183854479286679	0.1460753953642921	0.4384939195509822	1.0	0.4210714006745304	0.6055145392625141	0.3944854607374858	0.5789285993254696	0.0	0.5615060804490177
popmax_or_global_AF_gt_1e-4	3	4	0	105	0.4285714285714285	1.0	0.963302752293578	0.036697247706422	0.0	weak_review_and_AC_supported_frequency_signal	review_score_ge_2_current_PLP_proxy	Wilson 95%	0.1582169222626268	0.7495457695909742	0.4384939195509822	1.0	0.9094214470792258	0.9856385308012722	0.0143614691987278	0.0905785529207741	0.0	0.5615060804490177
AF_gt_1e-5_and_AC_ge_20	3	6	0	103	0.3333333333333333	1.0	0.944954128440367	0.055045871559633	0.0	weak_review_and_AC_supported_frequency_signal	review_score_ge_2_current_PLP_proxy	Wilson 95%	0.1205815986827429	0.6458026525009102	0.4384939195509822	1.0	0.8850813031908665	0.974530754773572	0.0254692452264279	0.1149186968091334	0.0	0.5615060804490177
VITAL_red	3	0	0	109	1.0	1.0	1.0	0.0	0.0	weak_review_and_AC_supported_frequency_signal	review_score_ge_2_current_PLP_proxy	Wilson 95%	0.4384939195509822	1.0	0.4384939195509822	1.0	0.9659558177126164	1.0	0.0	0.0340441822873833	0.0	0.5615060804490177
